사원명,ID,부서,사원번호,직위,부서코드
any-rnd,any-rnd,공통계정,,기타,AB90
anyfive,anyfive,공통계정,,기타,AB90
anysm,anysm,공통계정,,기타,AB90
conference,conference,공통계정,,,AB90
helpdesk,helpdesk,공통계정,,기타,AB90
HR,hr,공통계정,,기타,AB90
IR,ir,공통계정,,기타,AB90
ITO,ito,공통계정,,기타,AB90
NGUYEN THI THUY,thi,글로벌기술사업팀,,책임,GB10
office,office,공통계정,,기타,AB90
office1,offcie1,공통계정,,기타,AB90
office2,office2,공통계정,,기타,AB90
office3,office3,공통계정,,기타,AB90
patent,patent,공통계정,,기타,AB90
patsnap조사분석,patsnap,공통계정,,기타,AB90
sales,sales,공통계정,,기타,AB90
stock,stock,공통계정,,,AB90
강용현,yhkang,공공사업팀,202501831022,책임,DB10
강현,hk,공공사업팀,202212980225,사원,DB10
강환국,hkkang,DX사업팀,202401760730,책임,DB20
경동윤,gyeongdy,공공사업팀,202010921013,선임,DB10
경영기획팀,accounting,공통계정,,기타,AB90
고객서비스,service,공통계정,,,AB90
고상환,shko,ITO사업팀,202008710811,상무,DB60
곽범수,kwakbs,IP서비스팀,202109961101,선임,GB30
관리자,master,공통계정,master,사원,AB90
교육,edu,공통계정,,기타,AB90
권호진,hjkwon,공공사업팀,202108940720,사원,DB10
글로벌,global,공통계정,,기타,AB90
기술연구소,rnd,공통계정,,기타,AB90
김광희,khkim,IP솔루션팀,200511761015,책임,GB20
김규리,grkim,IP서비스팀,202201941022,사원,GB30
김기종,kjkim,대표이사,200702591225,대표이사,AB10
김동욱,kimdw,DX사업팀,202401930120,선임,DB20
김민서,hikim,경영기획팀,201602881005,선임,AB30
김민정,mjkim,공공사업팀,202211981020,사원,DB10
김별님,bnkim,경영기획팀,202204831018,책임,AB30
김보라,kimbr,경영기획팀,202211951026,선임,AB30
김봉래,kbrbear,금융사업팀,201910600523,전무,DB50
김빌리,biilykim,IP솔루션팀,201802700918,책임,GB20
김상욱,sukim,플랫폼팀,201506890513,책임,GB40
김상호,sh.kim,DX사업팀,202401910905,사원,DB20
김선홍,shkim,공공사업팀,201810871130,선임,DB10
김성애,sakim,ETRI사업팀,201810900825,선임,DB30
김수진,sj.kim,IP서비스팀,202303930707,사원,GB30
김슬기,sgkim,공공사업팀,202212900211,사원,DB10
김예찬,yckim,AI사업본부,202201910406,선임,RB00
김정호,jhkim1,전문가그룹,202201680923,이사,AB50
김지연,jy.kim,ETRI사업팀,202307960906,사원,DB30
김지현,jh.kim,IP서비스팀,202303940513,사원,GB30
김찬진,cjkim,IP솔루션팀,202208960210,사원,GB20
김태형,ghimth,AI사업본부,202011710211,수석연구원,RB00
김현호,kimhh,AI지능화팀,202311930125,선임,RB30
김혜정,hjkim,공공사업팀,202403960211,선임,DB10
김호연,hykim,IP서비스팀,202404951122,선임,GB30
김화연,hy.kim,플랫폼팀,202307801203,책임,GB40
김훈희,mujuhun,공공사업팀,202209740829,이사,DB10
나상범,sbna,전문가그룹,202507731126,이사,AB50
나현아,hana,IP서비스팀,202111900623,선임,GB30
남궁진호,jhng,DX사업팀,202401850924,책임,DB20
남정식,jsnam,시스템사업팀,201610640102,상무,DB40
네이버구매사이트,tax_naver,공통계정,,,AB90
뉴스레터,newsletter,공통계정,,기타,AB90
단체-협회-인증,any-org,공통계정,,,AB90
민서영,minsy,공공사업팀,202212930323,선임,DB10
박경범,kbpark,공공사업팀,202103950101,사원,DB10
박경태,tkpark,IP솔루션팀,201809950503,선임,GB20
박근형,parkkh,플랫폼팀,202212940214,선임,GB40
박민정,mjpark,AI사업본부,202402971003,사원,RB00
박상욱,psw,시스템사업팀,201610811019,책임,DB40
박세리,srpark,AI지능화팀,202408960901,사원,RB30
박예슬,yspark,IP솔루션팀,201912930719,선임,GB20
박윤지,yj.park,공공사업팀,202307931129,선임,DB10
박정균,jkpark,DX사업본부,200404730605,상무,DB00
박종아,japark,공공사업팀,202110910211,선임,DB10
박종호,jhpark,IP솔루션팀,202208991207,사원,GB20
박준범,jbpark,AI지능화팀,202111960502,선임,RB30
박지석,jspark,공공사업팀,202401941002,사원,DB10
박천석,cspark,AI사업본부,201706821029,책임,RB00
박태민,parktm,DX사업팀,202101921230,선임,DB20
박희빈,hbpark,ETRI사업팀,201208860817,책임,DB30
베트남,vitenam,공통계정,,,AB90
베트남경제연구소,vnomics,공통계정,,,AB90
사우회,friend,공통계정,,기타,AB90
세금계산서(Dell),tax-dell,공통계정,,,AB90
세금계산서(공통),tax,공통계정,,,AB90
송준선,jssong,ETRI사업팀,201303580207,상무,DB30
수출바우처,voucher,공통계정,,기타,AB90
신성호,shshin,IP서비스팀,201506901005,책임,GB30
신우진,wjshin,공공사업팀,201303840725,책임,DB10
심송미,smsim,IP서비스팀,201911940120,책임,GB30
씽캣,thinkcat,공통계정,,기타,AB90
씽캣(고객센터),support,공통계정,,기타,AB90
씽캣(보안),security,공통계정,,기타,AB90
씽캣(테스트),noreplay,공통계정,,기타,AB90
연차료,annualfee,공통계정,,기타,AB90
외주계약(공통),contract,공통계정,,기타,AB90
원진희,jini56,IP솔루션팀,201303830506,책임,GB20
유민경,mkyu,플랫폼팀,202208990806,사원,GB40
유민규,mgyoo,IP솔루션팀,201104740218,책임,GB20
유성숙,ssyou,IP솔루션팀,201303830701,책임,GB20
유수영,kevin,시스템사업팀,202507710930,이사,DB40
유지수,jsryu,IP솔루션팀,202308981012,사원,GB20
윤상경,sangk.yun,미래전략Gr,202510640115,대표,AB20
윤상호,yunsh,IP솔루션팀,202107710901,이사,GB20
윤영현,yh.yoon,ETRI사업팀,202303950112,사원,DB30
윤진영,jyyun,IP솔루션팀,201709911208,선임,GB20
이규범,gblee,공공사업팀,202211960825,사원,DB10
이대현,leedh,IP서비스팀,201901930826,선임,GB30
이민규,leemk,IP서비스팀,202206950206,선임,GB30
이민영,mylee,IP서비스팀,202212001103,사원,GB30
이병선,bslee,공공사업팀,202104710210,이사,DB10
이새롬,srlee,DX사업팀,202401890612,선임,DB20
이승원,swlee,DX사업팀,202405990808,사원,DB20
이예나,ynlee,DX사업팀,202401920711,사원,DB20
이용일,yilee,글로벌기술사업팀,202209700102,이사,GB10
이용진,yjlee,전문가그룹,202501740705,이사,AB50
이의환,ehlee90,ETRI사업팀,201702900905,책임,DB30
이재춘,leejc,DX사업팀,202401820118,책임,DB20
이지남,jnlee,경영기획팀,202502891117,선임,AB30
이진규,jinkyu,IP솔루션팀,201103850510,책임,GB20
이하늘,hn.lee,IP솔루션팀,202309930907,선임,GB20
이하연,leehy,공공사업팀,202104960206,사원,DB10
임민규,mglim,IP솔루션팀,201606890611,책임,GB20
임상목,smlim,DX사업팀,202401910827,사원,DB20
임정민,jmlim,IP서비스팀,202206970629,사원,GB30
임현준,hj.yim,DX사업팀,202303701112,이사,DB20
장원준,brianjang,AI지능화팀,201802720626,상무,RB30
장은수,esjang,IP서비스팀,202308001002,사원,GB30
장정규,jkjang,IP솔루션팀,201904921204,선임,GB20
전진원,jeonjw,공공사업팀,202104960707,사원,DB10
전현덕,hdjeon,플랫폼팀,202312940708,사원,GB40
정구영,kyjung,ITO사업팀,201208800918,책임,DB60
정명교,reunif72,전문가그룹,202401731217,이사,AB50
정서연,sychung,ETRI사업팀,201805940402,선임,DB30
정주연,jyjung,경영기획팀,200702820412,이사,AB30
정철우,smile,AI사업본부,202509720708,연구소장,RB00
정하늘,hnjung,DX사업팀,202401871126,사원,DB20
조신행,chosh,공공사업팀,202010880117,선임,DB10
조용준,yjcho,전문가그룹,202405850213,선임,AB50
조윤호,yhcho,ETRI사업팀,202007940601,선임,DB30
차경석,kscha,공공사업팀,202104920408,사원,DB10
차소현,shcha,IP서비스팀,202208930216,사원,GB30
최규,kchoi,플랫폼팀,201902810528,책임,GB40
최기원,kwchoi67,경영기획팀,201612670212,책임,AB30
최지영,jychoi,IP솔루션팀,201911900709,책임,GB20
클라우드,ipcloud,공통계정,,,AB90
편영수,yspyeon,IP솔루션팀,200601741022,상무,GB20
한상근,skhan,DX사업팀,202002920305,선임,DB20
한서진,sjhan,DX사업팀,202401911202,선임,DB20
함선경,skham,DX사업팀,202401800728,선임,DB20
허준성,jshur,DX사업팀,201811720227,책임,DB20
홍진택,jthong,글로벌기술사업팀,202508790525,이사,GB10
화상회의1,meet,공통계정,,,AB90
화상회의2,meet100,공통계정,,,AB90
황혜림,hrhwang,DX사업팀,202405810601,선임,DB20
